Name,DateTime,Debate_Time
David Parker,2023-03-29 14:47:50,2023-03-29 14:47:50
SPEAKER,2023-07-27 14:55:15,2023-03-29 14:47:50
DAVID PARKER,2023-07-27 18:01:43,2023-07-27 18:01:43
DEPUTY SPEAKER,2023-07-27 18:02:24,2023-07-27 18:01:43
SPEAKER,2023-07-26 14:01:41,2023-07-26 14:01:41
PEENI HENARE,2023-07-26 12:57:01,2023-07-26 12:57:01
ASSISTANT SPEAKER,2023-07-26 12:58:09,2023-07-26 12:57:01
SPEAKER,2023-07-25 14:00:56,2023-07-25 14:00:56
SPEAKER,2023-07-25 14:59:09,2023-07-25 14:59:09
DAVID SEYMOUR,2023-07-25 14:59:50,2023-07-25 14:59:09
CARMEL SEPULONI,2023-07-20 14:01:08,2023-07-20 14:01:08
SPEAKER,2023-07-19 14:48:28,2023-07-19 14:48:28
Dr AYESHA VERRALL,2023-07-19 17:45:36,2023-07-19 17:45:36
ASSISTANT SPEAKER,2023-07-19 17:45:43,2023-07-19 17:45:36
ASSISTANT SPEAKER,2023-07-19 19:15:00,2023-07-19 19:15:00
SIMON COURT,2023-07-19 19:22:46,2023-07-19 19:22:46
ASSISTANT SPEAKER,2023-07-19 19:23:00,2023-07-19 19:22:46
SIMON COURT,2023-07-19 19:23:04,2023-07-19 19:22:46
SPEAKER,2023-07-18 14:03:04,2023-07-18 14:03:04
SPEAKER,2023-07-18 14:59:13,2023-07-18 14:59:13
DAVID PARKER,2023-07-18 15:00:27,2023-07-18 15:00:27
SPEAKER,2023-07-18 15:10:55,2023-07-18 15:00:27
JAN TINETTI,2023-06-29 14:04:00,2023-06-29 14:04:00
GRANT ROBERTSON,2023-06-28 14:00:55,2023-06-28 14:00:55
SPEAKER,2023-06-28 14:04:20,2023-06-28 14:00:55
SPEAKER,2023-06-22 15:06:38,2023-06-22 15:06:38
KELVIN DAVIS,2023-06-22 16:35:29,2023-06-22 16:35:29
SPEAKER,2023-06-21 14:50:43,2023-06-21 14:50:43
SPEAKER,2023-06-21 14:51:28,2023-06-21 14:51:28
SPEAKER,2023-06-21 14:52:09,2023-06-21 14:52:09
SPEAKER,2023-06-20 14:01:04,2023-06-20 14:01:04
BARBARA EDMONDS,2023-06-20 16:27:18,2023-06-20 16:27:18
Dr AYESHA VERRALL,2023-06-20 21:57:45,2023-06-20 21:57:45
RACHEL BROOKING,2023-06-20 21:58:30,2023-06-20 21:58:30
DEPUTY SPEAKER,2023-06-20 21:58:40,2023-06-20 21:58:30
DEPUTY SPEAKER,2023-06-20 21:58:55,2023-06-20 21:58:30
SPEAKER,2023-06-08 14:01:11,2023-06-08 14:01:11
SPEAKER,2023-06-08 14:51:39,2023-06-08 14:51:39
KIERAN McANULTY (Deputy Leader of the House) on behalf of the Leader of the House,2023-06-08 16:22:14,2023-06-08 16:22:14
JAN TINETTI,2023-06-08 16:35:20,2023-06-08 16:35:20
SPEAKER,2023-06-08 16:35:30,2023-06-08 16:35:20
SPEAKER,2023-06-07 14:00:54,2023-06-07 14:00:54
SPEAKER,2023-06-07 14:01:22,2023-06-07 14:01:22
SPEAKER,2023-06-06 14:52:47,2023-06-06 14:52:47
CHAIRPERSON,2023-05-31 21:37:28,2023-05-31 21:37:28
SPEAKER,2023-05-30 14:01:47,2023-05-30 14:01:47
BARBARA EDMONDS,2023-05-30 14:04:27,2023-05-30 14:04:27
ASSISTANT SPEAKER,2023-05-19 10:36:11,2023-05-19 10:36:11
GRANT ROBERTSON,2023-05-18 14:05:41,2023-05-18 14:05:41
TEANAU TUIONO,2023-05-17 19:00:29,2023-05-17 19:00:29
ASSISTANT SPEAKER,2023-05-17 19:00:59,2023-05-17 19:00:29
JAMES SHAW,2023-05-17 21:48:05,2023-05-17 21:48:05
SPEAKER,2023-05-16 14:01:05,2023-05-16 14:01:05
BARBARA EDMONDS,2023-05-16 14:01:27,2023-05-16 14:01:27
CHAIRPERSON,2023-05-16 15:17:53,2023-05-16 15:17:53
Steph Lewis,2023-05-16 15:18:46,2023-05-16 15:17:53
GRANT ROBERTSON,2023-05-10 14:55:37,2023-05-10 14:55:37
SPEAKER,2023-05-10 14:55:48,2023-05-10 14:55:37
GRANT ROBERTSON,2023-05-10 14:56:04,2023-05-10 14:56:04
SPEAKER,2023-05-09 14:01:16,2023-05-09 14:01:16
CHRIS HIPKINS,2023-05-09 14:02:14,2023-05-09 14:02:14
CHRIS HIPKINS,2023-05-09 14:02:48,2023-05-09 14:02:48
SPEAKER,2023-05-09 14:05:46,2023-05-09 14:02:48
MEKA WHAITIRI,2023-05-09 14:11:18,2023-05-09 14:11:18
SPEAKER,2023-05-09 14:11:33,2023-05-09 14:11:18
NICOLE McKEE,2023-05-09 14:11:39,2023-05-09 14:11:39
MEKA WHAITIRI,2023-05-09 14:18:27,2023-05-09 14:18:27
SPEAKER,2023-05-09 14:22:05,2023-05-09 14:18:27
KIERAN McANULTY,2023-05-09 14:22:13,2023-05-09 14:22:13
SPEAKER,2023-05-09 15:30:47,2023-05-09 15:30:47
CHAIRPERSON,2023-05-09 15:32:18,2023-05-09 15:32:18
GRANT ROBERTSON,2023-05-09 19:36:44,2023-05-09 19:36:44
DEPUTY SPEAKER,2023-05-09 19:40:54,2023-05-09 19:36:44
JAN TINETTI,2023-05-09 19:57:14,2023-05-09 19:57:14
SPEAKER,2023-05-04 14:01:06,2023-05-04 14:01:06
MICHAEL WOODHOUSE,2023-05-04 14:03:58,2023-05-04 14:01:06
SPEAKER,2023-05-04 14:07:53,2023-05-04 14:01:06
JAMES SHAW,2023-05-04 14:08:41,2023-05-04 14:01:06
SPEAKER,2023-05-04 14:10:05,2023-05-04 14:01:06
DAVID SEYMOUR,2023-05-04 14:10:45,2023-05-04 14:01:06
GRANT ROBERTSON,2023-05-04 14:10:46,2023-05-04 14:01:06
SPEAKER,2023-05-04 14:11:32,2023-05-04 14:01:06
GERRY BROWNLEE,2023-05-04 14:11:44,2023-05-04 14:01:06
SPEAKER,2023-05-04 14:12:51,2023-05-04 14:01:06
GERRY BROWNLEE,2023-05-04 14:14:07,2023-05-04 14:01:06
GRANT ROBERTSON,2023-05-04 14:14:48,2023-05-04 14:01:06
SPEAKER,2023-05-04 14:15:42,2023-05-04 14:01:06
CHRIS BISHOP,2023-05-04 14:16:54,2023-05-04 14:01:06
SPEAKER,2023-05-04 14:18:00,2023-05-04 14:01:06
GERRY BROWNLEE,2023-05-04 14:19:15,2023-05-04 14:01:06
DAVID PARKER,2023-05-04 14:20:18,2023-05-04 14:01:06
SPEAKER,2023-05-04 14:20:50,2023-05-04 14:01:06
SPEAKER,2023-05-04 15:16:26,2023-05-04 15:16:26
SPEAKER,2023-05-03 14:01:24,2023-05-03 14:01:24
SPEAKER,2023-05-03 14:01:54,2023-05-03 14:01:54
MICHAEL WOODHOUSE,2023-05-03 14:02:06,2023-05-03 14:01:54
SPEAKER,2023-05-03 14:03:55,2023-05-03 14:01:54
MICHAEL WOODHOUSE,2023-05-03 14:04:36,2023-05-03 14:01:54
GRANT ROBERTSON,2023-05-03 14:06:11,2023-05-03 14:01:54
MICHAEL WOODHOUSE,2023-05-03 14:07:03,2023-05-03 14:01:54
SPEAKER,2023-05-03 14:08:19,2023-05-03 14:01:54
CHRIS BISHOP,2023-05-03 14:09:16,2023-05-03 14:01:54
SPEAKER,2023-05-03 14:10:46,2023-05-03 14:01:54
MICHAEL WOODHOUSE,2023-05-03 14:12:12,2023-05-03 14:01:54
SPEAKER,2023-05-03 14:12:32,2023-05-03 14:01:54
DAVID SEYMOUR,2023-05-03 14:12:55,2023-05-03 14:01:54
SPEAKER,2023-05-03 14:13:30,2023-05-03 14:01:54
CHRIS BISHOP,2023-05-03 14:14:07,2023-05-03 14:01:54
SPEAKER,2023-05-03 14:14:35,2023-05-03 14:01:54
DAVID SEYMOUR,2023-05-03 14:14:53,2023-05-03 14:01:54
GRANT ROBERTSON,2023-05-03 14:15:11,2023-05-03 14:01:54
MICHAEL WOODHOUSE,2023-05-03 14:15:36,2023-05-03 14:01:54
SPEAKER,2023-05-03 14:16:44,2023-05-03 14:01:54
GERRY BROWNLEE,2023-05-03 14:17:14,2023-05-03 14:01:54
SPEAKER,2023-05-03 14:17:59,2023-05-03 14:01:54
GERRY BROWNLEE,2023-05-03 14:18:42,2023-05-03 14:01:54
SPEAKER,2023-05-03 14:19:35,2023-05-03 14:01:54
CHRIS BISHOP,2023-05-03 14:20:16,2023-05-03 14:01:54
DAVID SEYMOUR,2023-05-03 14:21:54,2023-05-03 14:01:54
GRANT ROBERTSON,2023-05-03 14:22:23,2023-05-03 14:01:54
JAMES SHAW,2023-05-03 14:22:56,2023-05-03 14:01:54
SPEAKER,2023-05-03 14:23:43,2023-05-03 14:01:54
DAVID PARKER,2023-05-03 16:21:34,2023-05-03 16:21:34
SPEAKER,2023-05-03 16:22:15,2023-05-03 16:21:34
CHAIRPERSON,2023-05-03 16:22:58,2023-05-03 16:22:58
JAN TINETTI,2023-05-02 14:01:13,2023-05-02 14:01:13
SPEAKER,2023-05-02 14:56:03,2023-05-02 14:56:03
GRANT ROBERTSON,2023-05-02 14:57:20,2023-05-02 14:57:20
SPEAKER,2023-05-02 14:58:23,2023-05-02 14:57:20
CHAIRPERSON,2023-05-02 14:58:55,2023-05-02 14:58:55
SPEAKER,2023-04-06 14:00:56,2023-04-06 14:00:56
MAUREEN PUGH,2023-04-06 14:03:19,2023-04-06 14:03:19
SPEAKER,2023-04-06 14:03:52,2023-04-06 14:03:19
TANGI UTIKERE,2023-04-06 15:45:36,2023-04-06 15:45:36
DEPUTY SPEAKER,na,2023-04-06 15:45:36
TIM van de MOLEN,2023-04-06 15:46:14,2023-04-06 15:45:36
TANGI UTIKERE,2023-04-06 15:46:12,2023-04-06 15:45:36
DEPUTY SPEAKER,2023-04-06 15:46:18,2023-04-06 15:45:36
DAVID PARKER,2023-04-05 14:00:58,2023-04-05 14:00:58
KIRITAPU ALLAN,2023-04-04 14:58:51,2023-04-04 14:58:51
SPEAKER,2023-04-04 15:02:21,2023-04-04 14:58:51
SPEAKER,2023-03-30 14:53:56,2023-03-30 14:53:56
Dr ELIZABETH KEREKERE,2023-03-30 09:17:19,2023-03-30 09:17:19
ASSISTANT SPEAKER,2023-03-30 09:18:01,2023-03-30 09:17:19
ASSISTANT SPEAKER,2023-03-30 09:18:20,2023-03-30 09:17:19
NICOLE McKEE,2023-03-29 11:43:08,2023-03-29 11:43:08
ASSISTANT SPEAKER,2023-03-29 11:43:41,2023-03-29 11:43:08
SPEAKER,2023-03-29 14:00:18,2023-03-29 14:00:18
CHRISTOPHER LUXON,2023-03-29 14:51:16,2023-03-29 14:51:16
SPEAKER,2023-03-29 14:51:38,2023-03-29 14:51:16
DAVID SEYMOUR,2023-03-29 23:35:19,2023-03-29 23:35:19
ASSISTANT SPEAKER,2023-03-30 00:44:00,2023-03-29 23:35:19
SPEAKER,2023-03-28 14:01:02,2023-03-28 14:01:02
SPEAKER,2023-03-16 14:04:38,2023-03-16 14:04:38
MICHAEL WOODHOUSE,2023-03-15 14:47:38,2023-03-15 14:47:38
KIERAN McANULTY,2023-03-15 14:51:49,2023-03-15 14:47:38
MICHAEL WOODHOUSE,2023-03-15 14:51:49,2023-03-15 14:47:38
KIERAN McANULTY,2023-03-15 14:51:49,2023-03-15 14:47:38
DAVID SEYMOUR,2023-03-15 14:51:49,2023-03-15 14:47:38
SPEAKER,2023-03-15 14:52:08,2023-03-15 14:47:38
SPEAKER,2023-03-15 14:53:45,2023-03-15 14:53:45
DAVID SEYMOUR,2023-03-15 14:54:56,2023-03-15 14:53:45
DAVID SEYMOUR,2023-03-15 14:55:40,2023-03-15 14:53:45
SPEAKER,2023-03-15 14:55:39,2023-03-15 14:53:45
CHRIS BISHOP,2023-03-15 14:56:11,2023-03-15 14:53:45
SPEAKER,2023-03-15 14:56:06,2023-03-15 14:53:45
DAVID SEYMOUR,2023-03-15 14:57:28,2023-03-15 14:53:45
SPEAKER,2023-03-15 14:57:28,2023-03-15 14:53:45
SPEAKER,2023-03-15 14:57:34,2023-03-15 14:53:45
CHAIRPERSON,2023-03-14 19:26:03,2023-03-14 19:26:03
SPEAKER,2023-03-09 14:01:21,2023-03-09 14:01:21
na,na,2023-03-09 14:01:21
TANGI UTIKERE,2023-03-09 14:03:22,2023-03-09 14:03:22
SPEAKER,2023-03-09 14:03:56,2023-03-09 14:03:22
SPEAKER,2023-03-09 14:52:25,2023-03-09 14:52:25
SPEAKER,2023-03-08 14:00:57,2023-03-08 14:00:57
GRANT ROBERTSON,2023-03-08 19:25:22,2023-03-08 19:25:22
SPEAKER,2023-03-07 14:01:09,2023-03-07 14:01:09
SPEAKER,2023-03-07 14:04:23,2023-03-07 14:01:09
CHRIS HIPKINS,2023-03-07 14:08:41,2023-03-07 14:08:41
SPEAKER,2023-03-07 14:08:42,2023-03-07 14:08:41
TODD McCLAY,2023-02-23 14:01:48,2023-02-23 14:01:48
SPEAKER,2023-02-23 14:02:02,2023-02-23 14:01:48
SPEAKER,2023-02-22 14:00:57,2023-02-22 14:00:57
JAMES SHAW,2023-02-22 21:17:40,2023-02-22 21:17:40
JAMES SHAW,2023-02-22 21:23:10,2023-02-22 21:23:10
SPEAKER,2023-02-21 14:02:00,2023-02-21 14:02:00
SPEAKER,2023-02-21 14:02:06,2023-02-21 14:02:06
SPEAKER,2023-02-14 14:01:20,2023-02-14 14:01:20
TAMA POTAKA,2023-02-14 14:02:09,2023-02-14 14:01:20
Hon GRANT ROBERTSON,2023-02-14 14:03:01,2023-02-14 14:03:01
SPEAKER,2023-02-14 14:06:34,2023-02-14 14:03:01
KIERAN McANULTY,2023-02-14 14:17:57,2023-02-14 14:17:57
SPEAKER,2022-12-14 14:01:05,2022-12-14 14:01:05
JACINDA ARDERN,2022-12-14 14:02:56,2022-12-14 14:02:56
JACINDA ARDERN (Prime Minister) on behalf of the Leader of the House,2022-12-14 15:51:05,2022-12-14 15:51:05
SPEAKER,2022-12-14 16:00:22,2022-12-14 15:51:05
EUGENIE SAGE,2022-12-14 10:36:53,2022-12-14 10:36:53
SPEAKER,2022-12-14 10:37:21,2022-12-14 10:36:53
NANAIA MAHUTA,2022-12-13 19:00:28,2022-12-13 19:00:28
CHRIS HIPKINS,2022-12-08 14:54:57,2022-12-08 14:54:57
SPEAKER,2022-12-08 14:55:43,2022-12-08 14:54:57
CHRIS HIPKINS,2022-12-08 14:56:04,2022-12-08 14:56:04
SPEAKER,2022-12-08 14:56:58,2022-12-08 14:56:04
RACHEL BOYACK,2022-12-08 10:57:39,2022-12-08 10:57:39
SPEAKER,2022-12-07 14:01:33,2022-12-07 14:01:33
SPEAKER,2022-12-07 14:57:27,2022-12-07 14:57:27
DEPUTY SPEAKER,2022-12-07 16:01:16,2022-12-07 16:01:16
SPEAKER,2022-12-06 14:01:17,2022-12-06 14:01:17
SPEAKER,2022-12-06 15:06:36,2022-12-06 15:06:36
ASSISTANT SPEAKER,2022-11-24 17:51:47,2022-11-24 17:51:47
CHRIS HIPKINS,2022-11-22 14:55:14,2022-11-22 14:55:14
SPEAKER,2022-11-17 14:01:00,2022-11-17 14:01:00
EUGENIE SAGE,2022-11-17 15:09:45,2022-11-17 15:09:45
SPEAKER,2022-11-16 14:01:56,2022-11-16 14:01:56
SPEAKER,2022-11-15 14:01:05,2022-11-15 14:01:05
GRANT ROBERTSON,2022-11-15 14:01:27,2022-11-15 14:01:27
SPEAKER,2022-11-15 14:06:19,2022-11-15 14:01:27
SPEAKER,2022-11-15 14:17:33,2022-11-15 14:17:33
ANDREW LITTLE,2022-11-15 14:21:53,2022-11-15 14:21:53
SHANAN HALBERT,2022-11-10 14:58:08,2022-11-10 14:58:08
ASSISTANT SPEAKER,2022-11-10 15:08:34,2022-11-10 14:58:08
LOUISE UPSTON,2022-11-10 10:44:35,2022-11-10 10:44:35
SPEAKER,2022-11-08 14:01:19,2022-11-08 14:01:19
NANAIA MAHUTA,2022-10-27 14:03:50,2022-10-27 14:03:50
SPEAKER,2022-10-27 15:00:10,2022-10-27 15:00:10
JENNY SALESA,2022-10-27 15:00:30,2022-10-27 15:00:10
SPEAKER,2022-10-27 15:09:49,2022-10-27 15:00:10
Dr AYESHA VERRALL,2022-10-26 20:24:58,2022-10-26 20:24:58
ASSISTANT SPEAKER,2022-10-26 20:27:44,2022-10-26 20:24:58
SPEAKER,2022-10-25 15:07:46,2022-10-25 15:07:46
SPEAKER,2022-10-25 15:08:59,2022-10-25 15:07:46
SPEAKER,2022-10-19 14:01:05,2022-10-19 14:01:05
RAWIRI WAITITI,2022-10-19 14:02:35,2022-10-19 14:02:35
SPEAKER,2022-10-19 15:10:11,2022-10-19 15:10:11
SPEAKER,2022-10-18 15:11:58,2022-10-18 15:11:58
BROOKE VAN VELDEN,2022-10-18 15:13:02,2022-10-18 15:11:58
SPEAKER,2022-09-29 14:01:27,2022-09-29 14:01:27
Marja Lubeck,2022-09-29 14:47:39,2022-09-29 14:47:39
SPEAKER,2022-09-29 14:57:49,2022-09-29 14:47:39
SPEAKER,2022-09-28 14:01:18,2022-09-28 14:01:18
RINO TIRIKATENE,2022-09-22 14:01:03,2022-09-22 14:01:03
CHRIS HIPKINS,2022-09-22 14:57:34,2022-09-22 14:57:34
SPEAKER,2022-09-22 14:58:38,2022-09-22 14:57:34
MICHAEL WOODHOUSE,2022-09-22 14:58:40,2022-09-22 14:57:34
CHRIS HIPKINS,2022-09-21 19:53:21,2022-09-21 19:53:21
SPEAKER,2022-09-20 14:01:06,2022-09-20 14:01:06
SPEAKER,2022-09-20 14:58:34,2022-09-20 14:58:34
DAVID SEYMOUR,2022-09-20 14:59:50,2022-09-20 14:58:34
SPEAKER,2022-09-20 14:59:57,2022-09-20 14:58:34
NANAIA MAHUTA,2022-09-01 14:00:54,2022-09-01 14:00:54
CHAIRPERSON,2022-09-01 15:07:39,2022-09-01 15:07:39
CHAIRPERSON,2022-08-30 14:52:14,2022-08-30 14:52:14
CHRIS HIPKINS,2022-08-25 14:04:14,2022-08-25 14:04:14
SPEAKER,2022-08-25 14:06:51,2022-08-25 14:04:14
SPEAKER,2022-08-23 14:01:06,2022-08-23 14:01:06
SPEAKER,2022-08-23 14:01:33,2022-08-23 14:01:33
TĀMATI COFFEY,2022-08-23 14:02:11,2022-08-23 14:02:11
CHRIS BISHOP,2022-08-23 15:11:07,2022-08-23 15:11:07
SPEAKER,2022-08-23 15:11:32,2022-08-23 15:11:07
CHRIS BISHOP,2022-08-23 15:11:34,2022-08-23 15:11:07
SPEAKER,2022-08-23 15:11:49,2022-08-23 15:11:07
SPEAKER,2022-08-23 15:11:54,2022-08-23 15:11:54
CHAIRPERSON,2022-08-23 15:14:32,2022-08-23 15:14:32
DAVID PARKER,2022-08-23 21:06:50,2022-08-23 21:06:50
ASSISTANT SPEAKER,2022-08-23 21:18:02,2022-08-23 21:06:50
SPEAKER,2022-08-10 14:01:03,2022-08-10 14:01:03
SPEAKER,2022-08-10 14:01:25,2022-08-10 14:01:25
DAVID SEYMOUR,2022-08-10 14:02:51,2022-08-10 14:01:25
CHAIRPERSON,2022-08-10 16:12:48,2022-08-10 16:12:48
GRANT ROBERTSON,2022-08-09 14:00:55,2022-08-09 14:00:55
CHRIS HIPKINS,2022-08-09 15:12:45,2022-08-09 15:12:45
CHAIRPERSON,2022-08-03 12:29:03,2022-08-03 12:29:03
DEPUTY SPEAKER,2022-07-28 14:58:20,2022-07-28 14:58:20
JACQUI DEAN,2022-08-25 14:29:12,2022-07-28 14:58:20
ASSISTANT SPEAKER,2022-07-28 15:08:55,2022-07-28 14:58:20
DAVID PARKER,2022-07-28 15:19:10,2022-07-28 15:19:10
JAN LOGIE,2022-07-28 15:19:45,2022-07-28 15:19:45
CHAIRPERSON,2022-07-28 12:53:43,2022-07-28 12:53:43
NANAIA MAHUTA,2022-07-27 14:00:55,2022-07-27 14:00:55
SPEAKER,2022-07-26 14:00:49,2022-07-26 14:00:49
SPEAKER,2022-07-26 14:00:59,2022-07-26 14:00:49
SPEAKER,2022-07-26 14:02:50,2022-07-26 14:02:50
SPEAKER,2022-07-26 15:09:23,2022-07-26 15:09:23
CHRIS HIPKINS,2022-06-30 14:52:53,2022-06-30 14:52:53
SPEAKER,2022-06-22 11:52:08,2022-06-22 11:52:08
CHRIS HIPKINS,2022-06-28 17:05:10,2022-06-28 17:05:10
DEPUTY SPEAKER,2022-06-28 17:15:06,2022-06-28 17:05:10
Dr AYESHA VERRALL,2022-06-28 17:20:37,2022-06-28 17:20:37
DEPUTY SPEAKER,2022-06-28 17:20:37,2022-06-28 17:20:37
ASSISTANT SPEAKER,2022-06-28 19:14:47,2022-06-28 19:14:47
MICHAEL WOOD (Minister of Immigration) on behalf of the Leader of the House,2022-06-22 15:58:12,2022-06-22 15:58:12
SPEAKER,2022-06-21 14:01:08,2022-06-21 14:01:08
SPEAKER,2022-06-21 14:02:19,2022-06-21 14:02:19
ANDREW LITTLE,2022-06-21 14:05:17,2022-06-21 14:05:17
NANAIA MAHUTA,2022-06-08 14:00:54,2022-06-08 14:00:54
JACINDA ARDERN,2022-06-07 14:07:41,2022-06-07 14:07:41
Dr AYESHA VERRALL,2022-06-07 15:11:50,2022-06-07 15:11:50
DEPUTY SPEAKER,2022-06-07 15:15:00,2022-06-07 15:11:50
MARJA LUBECK,2022-06-02 14:49:10,2022-06-02 14:49:10
DEPUTY SPEAKER,2022-05-31 14:01:31,2022-05-31 14:01:31
DEPUTY SPEAKER,2022-05-31 14:02:01,2022-05-31 14:02:01
DEPUTY SPEAKER,2022-05-31 14:04:04,2022-05-31 14:02:01
GRANT ROBERTSON,2022-05-19 14:05:37,2022-05-19 14:05:37
JAMES SHAW,2022-05-17 14:02:31,2022-05-17 14:02:31
CHRIS HIPKINS,2022-05-17 15:20:29,2022-05-17 15:20:29
SPEAKER,2022-05-12 14:01:00,2022-05-12 14:01:00
EUGENIE SAGE,2022-05-12 09:00:30,2022-05-12 09:00:30
ASSISTANT SPEAKER,2022-05-12 09:10:33,2022-05-12 09:00:30
SPEAKER,2022-05-11 15:04:13,2022-05-11 15:04:13
SPEAKER,2022-05-10 14:01:28,2022-05-10 14:01:28
SPEAKER,2022-05-10 14:03:36,2022-05-10 14:03:36
SPEAKER,2022-05-10 15:12:06,2022-05-10 15:12:06
ASSISTANT SPEAKER,2022-05-10 21:57:50,2022-05-10 21:57:50
ANDREW LITTLE,2022-05-05 15:06:38,2022-05-05 15:06:38
DEPUTY SPEAKER,2022-05-05 15:09:27,2022-05-05 15:06:38
SPEAKER,2022-05-04 14:56:41,2022-05-04 14:56:41
DEPUTY SPEAKER,2022-05-04 14:57:09,2022-05-04 14:56:41
DAVID SEYMOUR,2022-05-04 14:58:58,2022-05-04 14:56:41
CHRIS BISHOP,2022-05-04 15:00:23,2022-05-04 14:56:41
DEPUTY SPEAKER,2022-05-04 15:00:59,2022-05-04 14:56:41
CHRIS BISHOP,2022-05-04 15:01:49,2022-05-04 14:56:41
DEPUTY SPEAKER,2022-05-04 15:02:20,2022-05-04 14:56:41
GERRY BROWNLEE,2022-05-04 15:02:28,2022-05-04 14:56:41
DAVID SEYMOUR,2022-05-04 15:03:53,2022-05-04 14:56:41
DEPUTY SPEAKER,2022-05-04 15:04:11,2022-05-04 14:56:41
CHRIS BISHOP,2022-05-04 15:04:16,2022-05-04 14:56:41
DEPUTY SPEAKER,2022-05-04 15:04:16,2022-05-04 14:56:41
SPEAKER,2022-05-04 17:40:20,2022-05-04 17:40:20
SPEAKER,2022-05-03 14:04:27,2022-05-03 14:04:27
POTO WILLIAMS,2022-05-03 14:05:23,2022-05-03 14:05:23
SPEAKER,2022-05-03 15:12:47,2022-05-03 15:12:47
CHAIRPERSON,2022-05-03 15:14:00,2022-05-03 15:14:00
DEBBIE NGAREWA-PACKER,2022-04-14 14:01:04,2022-04-14 14:01:04
DEPUTY SPEAKER,2022-04-14 14:58:11,2022-04-14 14:58:11
DEPUTY SPEAKER,2022-04-14 15:00:47,2022-04-14 15:00:47
CHRIS HIPKINS,2022-04-14 15:57:00,2022-04-14 15:00:47
CHRIS HIPKINS,2022-04-14 15:01:39,2022-04-14 15:01:39
DEPUTY SPEAKER,2022-04-14 15:04:52,2022-04-14 15:01:39
CHRIS HIPKINS,2022-04-14 15:05:10,2022-04-14 15:05:10
DEPUTY SPEAKER,2022-04-14 15:11:28,2022-04-14 15:05:10
MEKA WHAITIRI,2022-04-13 14:01:27,2022-04-13 14:01:27
CHAIRPERSON,2022-04-13 17:03:20,2022-04-13 17:03:20
CHAIRPERSON,2022-04-12 14:55:44,2022-04-12 14:55:44
ASSISTANT SPEAKER,2022-04-06 17:56:37,2022-04-06 17:56:37
SPEAKER,2022-04-05 14:00:48,2022-04-05 14:00:48
DEBBIE NGAREWA-PACKER,2022-03-31 14:06:52,2022-03-31 14:06:52
KIRITAPU ALLAN (Minister of Conservation) on behalf of the Minister of Justice,2022-03-30 15:59:52,2022-03-30 15:59:52
SPEAKER,2022-03-29 14:00:58,2022-03-29 14:00:58
CARMEL SEPULONI,2022-03-29 14:00:51,2022-03-29 14:00:58
SPEAKER,2022-03-29 14:01:44,2022-03-29 14:01:44
CHRIS HIPKINS,2022-03-29 21:17:28,2022-03-29 21:17:28
GRANT ROBERTSON,2022-03-16 14:00:53,2022-03-16 14:00:53
SPEAKER,2022-03-16 14:03:51,2022-03-16 14:00:53
SPEAKER,2022-03-16 14:14:20,2022-03-16 14:14:20
JACINDA ARDERN,2022-03-15 14:00:43,2022-03-15 14:00:43
SPEAKER,2022-03-15 14:39:57,2022-03-15 14:39:57
ASSISTANT SPEAKER,2022-03-15 21:57:50,2022-03-15 21:57:50
ASSISTANT SPEAKER,2022-03-08 17:40:07,2022-03-08 17:40:07
JAN LOGIE,2022-03-08 17:43:57,2022-03-08 17:43:57
ASSISTANT SPEAKER,2022-03-08 17:44:16,2022-03-08 17:43:57
CHAIRPERSON,2022-03-08 21:22:22,2022-03-08 21:22:22
JACINDA ARDERN,2022-03-03 14:03:07,2022-03-03 14:03:07
SPEAKER,2022-03-03 14:08:53,2022-03-03 14:03:07
GRANT ROBERTSON,2022-03-02 14:01:40,2022-03-02 14:01:40
SPEAKER,2022-03-02 14:04:59,2022-03-02 14:01:40
SPEAKER,2022-03-02 15:18:22,2022-03-02 15:18:22
ASSISTANT SPEAKER,2022-03-02 20:29:36,2022-03-02 20:29:36
JACINDA ARDERN,2022-03-01 14:01:42,2022-03-01 14:01:42
SPEAKER,2022-03-01 14:01:53,2022-03-01 14:01:42
SPEAKER,2022-03-01 14:09:11,2022-03-01 14:01:42
SPEAKER,2022-03-01 14:28:47,2022-03-01 14:28:47
CHRIS HIPKINS,2022-03-01 15:41:44,2022-03-01 15:41:44
CHRIS HIPKINS,2022-03-01 15:46:30,2022-03-01 15:46:30
ASSISTANT SPEAKER,2022-03-01 15:53:33,2022-03-01 15:46:30
CHRIS HIPKINS,2022-02-17 15:02:16,2022-02-17 15:02:16
DEPUTY SPEAKER,2022-02-17 15:08:43,2022-02-17 15:02:16
CARMEL SEPULONI (Minister for Social Development and Employment) on behalf of the Prime Minister,2022-02-16 17:53:27,2022-02-16 17:53:27
CARMEL SEPULONI (Minister for Social Development and Employment) on behalf of the Minister for COVID-19 Response,2022-02-16 17:53:56,2022-02-16 17:53:56
ASSISTANT SPEAKER,2022-02-16 17:57:15,2022-02-16 17:53:56
ASSISTANT SPEAKER,2022-02-16 17:57:15,2022-02-16 17:53:56
SPEAKER,2022-02-15 14:00:28,2022-02-15 14:00:28
SPEAKER,2022-02-15 14:59:54,2022-02-15 14:59:54
JACINDA ARDERN,2022-02-09 14:01:28,2022-02-09 14:01:28
SPEAKER,2022-02-09 14:03:55,2022-02-09 14:01:28
CHAIRPERSON,2022-02-09 21:54:28,2022-02-09 21:54:28
SPEAKER,2022-02-08 19:00:00,2022-02-08 19:00:00
SPEAKER,2022-02-08 21:00:01,2022-02-08 21:00:01
CHRIS HIPKINS,2021-12-15 15:02:58,2021-12-15 15:02:58
SPEAKER,2021-12-14 14:00:48,2021-12-14 14:00:48
MARAMA DAVIDSON,2021-12-14 16:05:33,2021-12-14 16:05:33
ASSISTANT SPEAKER,2021-12-14 16:05:48,2021-12-14 16:05:33
MARAMA DAVIDSON,2021-12-14 16:06:02,2021-12-14 16:05:33
ASSISTANT SPEAKER,2021-12-14 16:06:25,2021-12-14 16:05:33
CHAIRPERSON,2021-12-14 20:01:38,2021-12-14 20:01:38
CHRIS HIPKINS,2021-12-09 09:00:20,2021-12-09 09:00:20
SPEAKER,2021-12-09 09:05:33,2021-12-09 09:00:20
DEBBIE NGAREWA-PACKER,2021-12-08 14:01:29,2021-12-08 14:01:29
WILLIE JACKSON,2021-12-08 19:13:36,2021-12-08 19:13:36
SPEAKER,2021-12-08 19:14:01,2021-12-08 19:13:36
GRANT ROBERTSON,2021-12-07 14:01:26,2021-12-07 14:01:26
SPEAKER,2021-12-07 15:02:53,2021-12-07 15:02:53
CHRIS HIPKINS,2021-12-07 15:04:05,2021-12-07 15:02:53
SPEAKER,2021-12-07 15:04:16,2021-12-07 15:02:53
CHRIS HIPKINS,2021-12-07 15:04:31,2021-12-07 15:04:31
SPEAKER,2021-12-07 15:04:55,2021-12-07 15:04:31
CHRIS HIPKINS,2021-12-07 15:05:07,2021-12-07 15:05:07
"the Sub-SubBasement (Debating Chamber) at No. 3 The Terrace, being an area of 770.6m2",na,2021-12-07 15:05:07
SPEAKER,2021-12-07 15:05:24,2021-12-07 15:05:07
ASSISTANT SPEAKER,2021-12-07 16:49:34,2021-12-07 16:49:34
SPEAKER,2021-11-25 14:46:44,2021-11-25 14:46:44
CHRIS HIPKINS,2021-11-25 14:46:45,2021-11-25 14:46:44
SPEAKER,2021-11-25 14:49:11,2021-11-25 14:46:44
SPEAKER,2021-11-24 12:50:59,2021-11-24 12:50:59
Dr ELIZABETH KEREKERE,2021-11-24 16:06:55,2021-11-24 16:06:55
ASSISTANT SPEAKER,2021-11-24 16:07:14,2021-11-24 16:06:55
MICHAEL WOODHOUSE,2021-11-18 14:02:02,2021-11-18 14:02:02
SPEAKER,2021-11-17 14:00:40,2021-11-17 14:00:40
CHAIRPERSON,2021-11-17 17:00:48,2021-11-17 17:00:48
CHAIRPERSON,2021-11-17 17:02:02,2021-11-17 17:00:48
ANGIE WARREN-CLARK,2021-11-17 17:02:13,2021-11-17 17:00:48
CHRIS HIPKINS,2021-11-16 14:53:31,2021-11-16 14:53:31
CHRIS HIPKINS,2021-11-16 14:53:57,2021-11-16 14:53:57
CHRIS HIPKINS,2021-11-16 14:55:58,2021-11-16 14:55:58
SPEAKER,2021-11-16 15:02:43,2021-11-16 14:55:58
MARAMA DAVIDSON,2021-11-16 21:50:18,2021-11-16 21:50:18
ASSISTANT SPEAKER,2021-11-16 21:50:32,2021-11-16 21:50:18
MARAMA DAVIDSON,2021-11-16 21:50:40,2021-11-16 21:50:18
ASSISTANT SPEAKER,2021-11-16 21:51:04,2021-11-16 21:50:18
CLERK,2021-11-16 21:51:10,2021-11-16 21:50:18
MARAMA DAVIDSON,2021-11-16 21:51:14,2021-11-16 21:50:18
ASSISTANT SPEAKER,2021-11-16 21:51:27,2021-11-16 21:50:18
SPEAKER,2021-11-10 21:36:28,2021-11-10 21:36:28
JACINDA ARDERN,2021-11-09 14:04:09,2021-11-09 14:04:09
SPEAKER,2021-11-09 14:07:34,2021-11-09 14:04:09
SPEAKER,2021-11-09 15:11:07,2021-11-09 15:11:07
SPEAKER,2021-11-09 15:11:57,2021-11-09 15:11:57
CHRIS BISHOP,2021-10-28 12:40:28,2021-10-28 12:40:28
ASSISTANT SPEAKER,2021-10-28 12:40:59,2021-10-28 12:40:28
CHRIS BISHOP,2021-10-28 12:41:06,2021-10-28 12:40:28
ASSISTANT SPEAKER,2021-10-28 12:41:31,2021-10-28 12:40:28
ASSISTANT SPEAKER,2021-10-28 12:48:37,2021-10-28 12:48:37
SPEAKER,2021-10-27 14:56:23,2021-10-27 14:56:23
DAVID SEYMOUR,2021-10-21 14:55:16,2021-10-21 14:55:16
SPEAKER,2021-10-21 14:55:37,2021-10-21 14:55:16
RAWIRI WAITITI,2021-10-21 14:56:18,2021-10-21 14:56:18
SPEAKER,2021-10-21 14:57:10,2021-10-21 14:56:18
SPEAKER,2021-10-20 14:00:47,2021-10-20 14:00:47
CHRIS HIPKINS,2021-10-20 14:02:47,2021-10-20 14:00:47
SPEAKER,2021-10-20 14:03:35,2021-10-20 14:00:47
CHRIS HIPKINS,2021-10-20 14:04:21,2021-10-20 14:00:47
SPEAKER,2021-10-20 14:04:40,2021-10-20 14:00:47
Dr ELIZABETH KEREKERE,2021-10-20 14:04:59,2021-10-20 14:04:59
SPEAKER,2021-10-19 14:00:53,2021-10-19 14:00:53
na,na,2021-10-19 14:00:53
CHRIS HIPKINS,2021-10-19 15:03:18,2021-10-19 15:03:18
MEKA WHAITIRI,2021-09-29 14:00:41,2021-09-29 14:00:41
SPEAKER,2021-09-29 14:00:55,2021-09-29 14:00:41
CHRIS HIPKINS,2021-09-28 14:56:56,2021-09-28 14:56:56
SPEAKER,2021-09-28 15:03:22,2021-09-28 14:56:56
SPEAKER,2021-09-22 14:01:16,2021-09-22 14:01:16
SPEAKER,2021-09-21 17:36:51,2021-09-21 17:36:51
JACINDA ARDERN,2021-09-09 14:00:37,2021-09-09 14:00:37
SPEAKER,2021-09-09 14:04:58,2021-09-09 14:00:37
SPEAKER,2021-09-09 14:15:08,2021-09-09 14:15:08
SPEAKER,2021-09-08 14:35:12,2021-09-08 14:35:12
CHAIRPERSON,2021-09-08 15:39:16,2021-09-08 15:39:16
ANDREW LITTLE,2021-09-07 14:00:42,2021-09-07 14:00:42
SPEAKER,2021-09-07 15:21:03,2021-09-07 15:21:03
CHAIRPERSON,2021-09-07 16:41:28,2021-09-07 16:41:28
MICHAEL WOODHOUSE,2021-09-02 14:02:12,2021-09-02 14:02:12
SPEAKER,2021-09-02 14:03:07,2021-09-02 14:02:12
CHRIS HIPKINS,2021-09-01 15:35:07,2021-09-01 15:35:07
CHRIS HIPKINS,2021-08-31 14:00:37,2021-08-31 14:00:37
DAVID SEYMOUR,2021-08-31 14:21:38,2021-08-31 14:21:38
CHRIS HIPKINS,2021-08-31 14:23:49,2021-08-31 14:21:38
DAVID SEYMOUR,2021-08-31 14:24:09,2021-08-31 14:21:38
CHRIS HIPKINS,2021-08-31 14:24:30,2021-08-31 14:21:38
DAVID SEYMOUR,2021-08-31 14:24:38,2021-08-31 14:21:38
CHRIS HIPKINS,2021-08-31 14:24:52,2021-08-31 14:21:38
DAVID SEYMOUR,2021-08-31 14:25:16,2021-08-31 14:21:38
CHRIS HIPKINS,2021-08-31 14:25:23,2021-08-31 14:21:38
DAVID SEYMOUR,2021-08-31 14:25:41,2021-08-31 14:21:38
CHRIS HIPKINS,2021-08-31 14:26:23,2021-08-31 14:21:38
DAVID SEYMOUR,2021-08-31 14:27:06,2021-08-31 14:21:38
CHRIS HIPKINS,2021-08-31 14:27:25,2021-08-31 14:21:38
DAVID SEYMOUR,2021-08-31 14:27:42,2021-08-31 14:21:38
CHRIS HIPKINS,2021-08-31 14:27:50,2021-08-31 14:21:38
DAVID SEYMOUR,2021-08-31 14:27:58,2021-08-31 14:21:38
CHRIS HIPKINS,2021-08-31 14:28:05,2021-08-31 14:21:38
DAVID SEYMOUR,2021-08-31 14:28:25,2021-08-31 14:21:38
CHRIS HIPKINS,2021-08-31 14:29:02,2021-08-31 14:21:38
DAVID SEYMOUR,2021-08-31 14:30:02,2021-08-31 14:21:38
CHRIS HIPKINS,2021-08-31 14:30:42,2021-08-31 14:21:38
SPEAKER,2021-08-31 14:31:16,2021-08-31 14:21:38
PEENI HENARE,2021-08-31 14:31:29,2021-08-31 14:31:29
SPEAKER,2021-08-31 15:01:45,2021-08-31 15:01:45
SPEAKER,2021-08-31 15:50:21,2021-08-31 15:50:21
SPEAKER,2021-08-11 14:52:37,2021-08-11 14:52:37
CHAIRPERSON,2021-08-11 17:13:12,2021-08-11 17:13:12
JACINDA ARDERN,2021-08-10 14:00:50,2021-08-10 14:00:50
SPEAKER,na,2021-08-10 14:00:50
SPEAKER,2021-08-10 14:06:44,2021-08-10 14:00:50
Dr MEGAN WOODS,2021-08-10 14:21:38,2021-08-10 14:21:38
SPEAKER,2021-08-10 14:50:00,2021-08-10 14:50:00
AUPITO WILLIAM SIO,2021-08-10 15:51:55,2021-08-10 15:51:55
SPEAKER,2021-08-10 16:48:34,2021-08-10 16:48:34
SPEAKER,2021-08-10 16:49:16,2021-08-10 16:49:16
CHRIS HIPKINS,2021-08-10 16:50:10,2021-08-10 16:50:10
CHRIS HIPKINS,2021-08-03 14:01:09,2021-08-03 14:01:09
SPEAKER,2021-08-03 15:32:02,2021-08-03 15:32:02
CHAIRPERSON,2021-08-03 15:33:26,2021-08-03 15:33:26
ASSISTANT SPEAKER,2021-07-08 15:25:24,2021-07-08 15:25:24
CHRIS HIPKINS,2021-07-01 14:59:41,2021-07-01 14:59:41
GOLRIZ GHAHRAMAN,2021-06-30 19:00:28,2021-06-30 19:00:28
ERICA STANFORD,2021-06-30 19:01:23,2021-06-30 19:00:28
CHRIS HIPKINS,1899-12-30 14:00:59,1899-12-30 14:00:59
na,2021-06-29 15:17:04,2021-06-29 15:17:04
SPEAKER,na,2021-06-29 15:17:04
DAVID PARKER,2021-06-29 19:17:34,2021-06-29 19:17:34
SPEAKER,2021-06-29 19:17:49,2021-06-29 19:17:34
DAVID PARKER,2021-06-29 20:09:54,2021-06-29 20:09:54
ASSISTANT SPEAKER,2021-06-29 20:16:40,2021-06-29 20:09:54
GRANT ROBERTSON,2021-06-24 14:00:54,2021-06-24 14:00:54
MARJA LUBECK,2021-06-24 15:05:25,2021-06-24 15:05:25
CHRIS HIPKINS,2021-06-23 14:00:38,2021-06-23 14:00:38
SPEAKER,2021-06-23 15:28:17,2021-06-23 15:28:17
SPEAKER,2021-06-22 14:03:07,2021-06-22 14:03:07
SPEAKER,2021-06-22 15:05:47,2021-06-22 15:05:47
JAMES SHAW,2021-06-09 14:02:00,2021-06-09 14:02:00
SPEAKER,2021-06-08 14:00:54,2021-06-08 14:00:54
CHLÖE SWARBRICK,2021-06-08 15:07:12,2021-06-08 15:07:12
DEPUTY SPEAKER,2021-06-08 15:07:27,2021-06-08 15:07:12
SPEAKER,2021-06-03 14:01:37,2021-06-03 14:01:37
GRANT ROBERTSON,2021-06-01 14:01:37,2021-06-01 14:01:37
SPEAKER,2021-06-01 14:53:56,2021-06-01 14:53:56
GRANT ROBERTSON,2021-05-20 14:04:28,2021-05-20 14:04:28
GOLRIZ GHAHRAMAN,2021-05-19 14:02:07,2021-05-19 14:02:07
SPEAKER,2021-05-19 14:02:18,2021-05-19 14:02:07
SPEAKER,2021-05-19 14:50:28,2021-05-19 14:50:28
SPEAKER,2021-05-13 14:48:35,2021-05-13 14:48:35
MARAMA DAVIDSON,2021-05-12 14:53:51,2021-05-12 14:53:51
SPEAKER,2021-05-12 14:54:52,2021-05-12 14:53:51
MICHAEL WOODHOUSE,2021-05-12 14:54:53,2021-05-12 14:53:51
DAVID SEYMOUR,2021-05-12 14:56:17,2021-05-12 14:53:51
CHRIS HIPKINS,2021-05-12 14:57:10,2021-05-12 14:53:51
CHRIS BISHOP,2021-05-12 14:57:53,2021-05-12 14:53:51
MARAMA DAVIDSON,2021-05-12 14:58:30,2021-05-12 14:53:51
SPEAKER,2021-05-12 14:59:08,2021-05-12 14:53:51
CHRIS HIPKINS,2021-05-12 14:59:18,2021-05-12 14:53:51
JAMES SHAW,2021-05-12 14:59:56,2021-05-12 14:53:51
SPEAKER,2021-05-12 15:01:30,2021-05-12 14:53:51
GERRY BROWNLEE,2021-05-12 15:01:40,2021-05-12 14:53:51
NICOLE McKEE,2021-05-12 15:02:17,2021-05-12 14:53:51
SPEAKER,2021-05-12 15:03:34,2021-05-12 14:53:51
CHRIS BISHOP,2021-05-12 15:03:38,2021-05-12 14:53:51
SPEAKER,2021-05-12 15:04:37,2021-05-12 14:53:51
AUPITO WILLIAM SIO,2021-05-12 15:04:36,2021-05-12 14:53:51
MICHAEL WOODHOUSE,2021-05-12 15:08:29,2021-05-12 14:53:51
SPEAKER,2021-05-11 14:01:19,2021-05-11 14:01:19
ANDREW LITTLE,2021-05-11 14:03:11,2021-05-11 14:03:11
SPEAKER,2021-05-11 14:03:11,2021-05-11 14:03:11
CHAIRPERSON,2021-05-11 15:03:23,2021-05-11 15:03:23
BROOKE VAN VELDEN,2021-05-05 14:02:11,2021-05-05 14:02:11
SPEAKER,2021-05-05 14:02:51,2021-05-05 14:02:11
SPEAKER,2021-05-05 14:03:29,2021-05-05 14:03:29
CHRIS BISHOP,2021-05-05 15:02:38,2021-05-05 15:02:38
SPEAKER,2021-05-04 14:54:42,2021-05-04 14:54:42
CHAIRPERSON,2021-05-04 16:00:52,2021-05-04 16:00:52
JAMES SHAW,2021-04-15 14:02:13,2021-04-15 14:02:13
SPEAKER,2021-04-15 14:02:36,2021-04-15 14:02:13
na,na,2021-04-15 14:02:13
CHRIS HIPKINS,2021-04-15 15:23:32,2021-04-15 15:23:32
SPEAKER,2021-04-14 15:02:45,2021-04-14 15:02:45
SPEAKER,2021-04-14 15:04:09,2021-04-14 15:04:09
CHRIS HIPKINS,2021-04-14 15:04:40,2021-04-14 15:04:40
DAVID SEYMOUR,2021-04-14 15:06:30,2021-04-14 15:06:30
JACINDA ARDERN,2021-04-13 14:01:16,2021-04-13 14:01:16
SPEAKER,2021-04-13 14:06:27,2021-04-13 14:01:16
SPEAKER,2021-04-07 14:59:34,2021-04-07 14:59:34
Dr MEGAN WOODS,2021-04-06 14:09:01,2021-04-06 14:09:01
SPEAKER,2021-04-06 14:56:40,2021-04-06 14:56:40
SPEAKER,2021-03-25 14:49:01,2021-03-25 14:49:01
MEKA WHAITIRI,2021-03-24 14:01:00,2021-03-24 14:01:00
SPEAKER,2021-03-24 14:01:55,2021-03-24 14:01:55
SPEAKER,2021-03-23 14:49:02,2021-03-23 14:49:02
GRANT ROBERTSON,2021-03-18 14:01:19,2021-03-18 14:01:19
SPEAKER,2021-03-18 14:04:47,2021-03-18 14:01:19
CHRIS BISHOP,2021-03-18 15:05:13,2021-03-18 15:05:13
SPEAKER,2021-03-18 15:05:27,2021-03-18 15:05:13
SPEAKER,2021-03-17 14:01:14,2021-03-17 14:01:14
CHRIS HIPKINS,2021-03-17 14:01:53,2021-03-17 14:01:14
IBRAHIM OMER,2021-03-16 14:01:18,2021-03-16 14:01:18
ASSISTANT SPEAKER,2021-03-11 16:36:52,2021-03-11 16:36:52
MICHAEL WOODHOUSE,2021-03-10 14:56:30,2021-03-10 14:56:30
SPEAKER,2021-03-10 14:56:42,2021-03-10 14:56:30
SPEAKER,2021-03-09 14:01:37,2021-03-09 14:01:37
CHRIS HIPKINS,2021-03-09 14:02:27,2021-03-09 14:02:27
DEBBIE NGAREWA-PACKER,2021-03-09 14:32:44,2021-03-09 14:32:44
CHRIS HIPKINS,2021-03-09 14:35:02,2021-03-09 14:32:44
SPEAKER,2021-03-09 15:26:08,2021-03-09 15:26:08
SPEAKER,2021-03-09 15:26:42,2021-03-09 15:26:42
SPEAKER,2021-03-09 15:27:50,2021-03-09 15:27:50
CHRIS HIPKINS,2021-03-09 15:28:35,2021-03-09 15:28:35
DEPUTY SPEAKER,2021-03-09 15:35:22,2021-03-09 15:28:35
SPEAKER,2021-02-25 14:01:18,2021-02-25 14:01:18
na,na,2021-02-25 14:01:18
POTO WILLIAMS,2021-02-25 14:04:45,2021-02-25 14:04:45
JENNY SALESA,2021-02-25 15:02:57,2021-02-25 15:02:57
SPEAKER,2021-02-24 14:00:24,2021-02-24 14:00:24
CHRIS BISHOP,2021-02-24 14:57:10,2021-02-24 14:57:10
SPEAKER,2021-02-24 14:57:13,2021-02-24 14:57:10
JACINDA ARDERN,2021-02-23 14:00:58,2021-02-23 14:00:58
SPEAKER,2021-02-23 14:05:05,2021-02-23 14:00:58
CHRIS HIPKINS (Leader of the House) on behalf of the Prime Minister,2021-02-18 14:59:10,2021-02-18 14:59:10
SPEAKER,2021-02-16 14:52:30,2021-02-16 14:52:30
SPEAKER,2021-02-09 14:08:51,2021-02-09 14:08:51
RAWIRI WAITITI,2021-02-09 14:09:40,2021-02-09 14:08:51
SPEAKER,2021-02-09 14:10:14,2021-02-09 14:08:51
CHRIS BISHOP,2021-02-09 14:55:34,2021-02-09 14:55:34
CHRIS HIPKINS,2021-02-09 14:55:39,2021-02-09 14:55:34
SPEAKER,2021-02-09 14:56:10,2021-02-09 14:55:34
ASSISTANT SPEAKER,2021-02-09 21:43:05,2021-02-09 21:43:05
NANAIA MAHUTA,2020-12-09 14:00:04,2020-12-09 14:00:04
SPEAKER,2020-12-09 14:02:43,2020-12-09 14:00:04
CHRIS BISHOP,2020-12-09 14:12:45,2020-12-09 14:12:45
SPEAKER,2020-12-09 14:13:04,2020-12-09 14:12:45
DAVID SEYMOUR,2020-12-09 14:13:53,2020-12-09 14:12:45
SPEAKER,2020-12-09 14:14:34,2020-12-09 14:12:45
SIMON BRIDGES,2020-12-09 14:15:04,2020-12-09 14:12:45
SPEAKER,2020-12-09 14:15:25,2020-12-09 14:12:45
SPEAKER,2020-12-09 14:15:38,2020-12-09 14:12:45
GERRY BROWNLEE,2020-12-09 14:15:47,2020-12-09 14:12:45
GRANT ROBERTSON (Deputy Prime Minister) on behalf of the Leader of the House,2020-12-09 14:54:24,2020-12-09 14:54:24
CHRIS HIPKINS,2020-12-08 19:15:36,2020-12-08 19:15:36
ASSISTANT SPEAKER,2020-12-08 19:20:11,2020-12-08 19:15:36
CHRIS HIPKINS,2020-12-08 19:37:42,2020-12-08 19:37:42
CHRIS HIPKINS,2020-12-08 19:39:03,2020-12-08 19:39:03
CHRIS HIPKINS,2020-12-08 19:39:03,2020-12-08 19:39:03
ASSISTANT SPEAKER,2020-12-08 19:40:33,2020-12-08 19:39:03
JACINDA ARDERN,2020-12-02 14:51:00,2020-12-02 14:51:00
SPEAKER,2020-12-02 15:01:31,2020-12-02 14:51:00
CHRIS HIPKINS,2020-11-26 11:35:58,2020-11-26 11:35:58
CHRIS BISHOP,2020-11-26 11:36:54,2020-11-26 11:35:58
SPEAKER,2020-11-26 11:59:24,2020-11-26 11:59:24
CHRIS HIPKINS,2020-11-26 11:59:34,2020-11-26 11:59:24
SPEAKER,2020-11-26 12:00:50,2020-11-26 11:59:24
SPEAKER,2020-11-26 16:27:24,2020-11-26 16:27:24
